{"stats":{"minecraft:custom":{"minecraft:interact_with_furnace":21,"minecraft:traded_with_villager":23,"minecraft:interact_with_crafting_table":29,"minecraft:play_one_minute":314618,"minecraft:leave_game":15,"minecraft:time_since_death":79276,"minecraft:time_since_rest":79339,"minecraft:sprint_one_cm":16657,"minecraft:damage_taken":700,"minecraft:walk_one_cm":331707,"minecraft:drop":24,"minecraft:damage_dealt":112,"minecraft:talked_to_villager":147,"minecraft:fly_one_cm":6315,"minecraft:crouch_one_cm":78636,"minecraft:open_chest":143,"minecraft:deaths":3,"minecraft:sneak_time":22643,"minecraft:walk_under_water_one_cm":6968,"minecraft:interact_with_lectern":7,"minecraft:jump":529,"minecraft:walk_on_water_one_cm":6062,"minecraft:fall_one_cm":5580},"minecraft:crafted":{"minecraft:red_dye":1,"minecraft:oak_planks":8,"minecraft:cobblestone_slab":84,"minecraft:stone_shovel":2,"minecraft:emerald":24,"minecraft:furnace":1,"minecraft:bone_meal":27,"minecraft:bucket":1,"minecraft:stone_axe":1,"minecraft:orange_dye":2,"minecraft:air":0,"minecraft:bamboo":16,"minecraft:yellow_dye":1,"minecraft:charcoal":5,"minecraft:leather_chestplate":1,"minecraft:cobblestone_wall":150,"minecraft:iron_ingot":3,"minecraft:stone_pickaxe":17,"minecraft:stone_sword":2,"minecraft:chest":1,"minecraft:iron_ore":3,"minecraft:water_bucket":1,"minecraft:torch":4},"minecraft:mined":{"minecraft:oak_sapling":3,"minecraft:dandelion":2,"minecraft:crafting_table":1,"minecraft:grass_block":12,"minecraft:poppy":3,"minecraft:chest":8,"minecraft:lectern":1,"minecraft:cobblestone":1753,"minecraft:cobblestone_wall":6,"minecraft:ice":1,"minecraft:grass":43,"minecraft:oak_log":75,"minecraft:cobblestone_slab":9,"minecraft:dirt":290,"minecraft:bamboo":93,"minecraft:stone_bricks":3,"minecraft:oak_leaves":183},"minecraft:dropped":{"minecraft:orange_dye":1,"minecraft:oak_log":6,"minecraft:leather_helmet":1,"minecraft:stick":2,"minecraft:emerald":2,"minecraft:lava_bucket":1,"minecraft:leather_chestplate":1,"minecraft:cobblestone_slab":78,"minecraft:torch":2,"minecraft:oak_sapling":2,"minecraft:dried_kelp":2,"minecraft:leather_leggings":1,"minecraft:iron_ore":1,"minecraft:bucket":1},"minecraft:used":{"minecraft:water_bucket":16,"minecraft:stone_sword":94,"minecraft:stone_shovel":262,"minecraft:stone_pickaxe":1776,"minecraft:redstone":9,"minecraft:dried_kelp":5,"minecraft:chest":9,"minecraft:redstone_block":1,"minecraft:cobblestone_slab":145,"minecraft:torch":3,"minecraft:dirt":4,"minecraft:comparator":3,"minecraft:crafting_table":1,"minecraft:cobblestone_wall":156,"minecraft:redstone_torch":7,"minecraft:wooden_axe":56,"minecraft:apple":1,"minecraft:lava_bucket":2,"minecraft:daylight_detector":7,"minecraft:command_block":3,"minecraft:lectern":2,"minecraft:stone_bricks":1,"minecraft:stone_axe":35,"minecraft:bamboo":18,"minecraft:bedrock":11,"minecraft:repeater":1,"minecraft:cobblestone":9,"minecraft:written_book":4,"minecraft:oak_sapling":15,"minecraft:furnace":1,"minecraft:bucket":18,"minecraft:bone_meal":40},"minecraft:picked_up":{"minecraft:wooden_axe":2,"minecraft:charcoal":3,"minecraft:crafting_table":1,"minecraft:leather_chestplate":1,"minecraft:clock":1,"minecraft:leather_leggings":1,"minecraft:lead":2,"minecraft:wooden_pickaxe":1,"minecraft:oak_log":148,"minecraft:cobblestone_wall":6,"minecraft:dirt":293,"minecraft:name_tag":1,"minecraft:compass":1,"minecraft:apple":8,"minecraft:stone_bricks":2,"minecraft:wheat_seeds":12,"minecraft:bucket":1,"minecraft:stone_pickaxe":2,"minecraft:iron_ore":1,"minecraft:written_book":1,"minecraft:cobblestone_slab":91,"minecraft:poppy":3,"minecraft:bamboo":664,"minecraft:lectern":1,"minecraft:chest":8,"minecraft:phantom_membrane":1,"minecraft:oak_slab":3,"minecraft:stick":121,"minecraft:dandelion":3,"minecraft:torch":2,"minecraft:dried_kelp":9,"minecraft:leather_helmet":1,"minecraft:bone_meal":9,"minecraft:emerald":8,"minecraft:oak_sapling":41,"minecraft:bone_block":18,"minecraft:cobblestone":1805},"minecraft:killed_by":{"minecraft:phantom":1},"minecraft:broken":{"minecraft:stone_pickaxe":13,"minecraft:stone_sword":1,"minecraft:stone_shovel":2}},"DataVersion":2230}