{"stats":{"minecraft:used":{"minecraft:oak_fence":313,"minecraft:beetroot":52,"minecraft:oak_trapdoor":37,"minecraft:stone_sword":1551,"minecraft:dried_kelp":18,"minecraft:ladder":8,"minecraft:oak_sign":39,"minecraft:chest":29,"minecraft:stone":5,"minecraft:stone_hoe":361,"minecraft:torch":206,"minecraft:dirt":655,"minecraft:hopper":3,"minecraft:cobblestone_wall":76,"minecraft:oak_fence_gate":27,"minecraft:glass":71,"minecraft:wooden_axe":131,"minecraft:lava_bucket":5,"minecraft:villager_spawn_egg":18,"minecraft:oak_stairs":190,"minecraft:barrel":1,"minecraft:stone_bricks":128,"minecraft:bamboo":34,"minecraft:written_book":1,"minecraft:scaffolding":25,"minecraft:oak_sapling":213,"minecraft:furnace":4,"minecraft:beetroot_seeds":795,"minecraft:beetroot_soup":6,"minecraft:wheat_seeds":814,"minecraft:water_bucket":165,"minecraft:cobblestone_stairs":41,"minecraft:stone_pickaxe":5947,"minecraft:oak_planks":272,"minecraft:cactus":38,"minecraft:wooden_pickaxe":15,"minecraft:composter":6,"minecraft:spruce_sign":8,"minecraft:sugar_cane":91,"minecraft:stonecutter":1,"minecraft:cobblestone_slab":2417,"minecraft:gold_ore":54,"minecraft:sand":37,"minecraft:oak_slab":1647,"minecraft:crafting_table":11,"minecraft:white_bed":9,"minecraft:oak_log":1,"minecraft:piston":1,"minecraft:wooden_hoe":3,"minecraft:lever":2,"minecraft:apple":12,"minecraft:bread":56,"minecraft:stone_slab":1,"minecraft:stone_axe":1631,"minecraft:cobblestone":328,"minecraft:grindstone":5,"minecraft:bucket":163,"minecraft:oak_boat":18,"minecraft:bone_meal":130},"minecraft:custom":{"minecraft:mob_kills":25,"minecraft:inspect_hopper":10,"minecraft:interact_with_crafting_table":279,"minecraft:open_barrel":2,"minecraft:leave_game":9,"minecraft:time_since_death":93326,"minecraft:climb_one_cm":14181,"minecraft:sprint_one_cm":795105,"minecraft:walk_one_cm":3131235,"minecraft:drop":258,"minecraft:talked_to_villager":267,"minecraft:deaths":6,"minecraft:sneak_time":148442,"minecraft:walk_under_water_one_cm":48793,"minecraft:boat_one_cm":8542,"minecraft:interact_with_lectern":6,"minecraft:jump":5322,"minecraft:walk_on_water_one_cm":209337,"minecraft:interact_with_furnace":199,"minecraft:traded_with_villager":242,"minecraft:play_one_minute":1209246,"minecraft:interact_with_stonecutter":11,"minecraft:interact_with_grindstone":6,"minecraft:sleep_in_bed":15,"minecraft:time_since_rest":38396,"minecraft:damage_taken":4450,"minecraft:damage_dealt":5203,"minecraft:swim_one_cm":29,"minecraft:fly_one_cm":809764,"minecraft:open_chest":860,"minecraft:crouch_one_cm":489222,"minecraft:fall_one_cm":88342},"minecraft:mined":{"minecraft:oak_sapling":14,"minecraft:lever":1,"minecraft:grass_block":37,"minecraft:oak_wall_sign":12,"minecraft:oak_trapdoor":9,"minecraft:furnace":1,"minecraft:cobblestone_slab":424,"minecraft:oak_stairs":90,"minecraft:stripped_oak_log":1,"minecraft:bamboo":1574,"minecraft:stone":5,"minecraft:oak_slab":289,"minecraft:dandelion":12,"minecraft:oak_fence":42,"minecraft:crafting_table":2,"minecraft:torch":37,"minecraft:poppy":15,"minecraft:chest":5,"minecraft:glass":3,"minecraft:cobblestone":5394,"minecraft:grindstone":1,"minecraft:sugar_cane":1798,"minecraft:oak_planks":91,"minecraft:wall_torch":9,"minecraft:cactus":2,"minecraft:cobblestone_wall":40,"minecraft:wheat":782,"minecraft:ice":16,"minecraft:grass":217,"minecraft:oak_log":943,"minecraft:beetroots":483,"minecraft:oak_fence_gate":6,"minecraft:sand":1,"minecraft:dirt":147,"minecraft:stone_bricks":82,"minecraft:piston":1,"minecraft:oak_leaves":962},"minecraft:crafted":{"minecraft:grindstone":4,"minecraft:oak_planks":2396,"minecraft:redstone":8,"minecraft:cobblestone_slab":2190,"minecraft:barrel":1,"minecraft:oak_sign":36,"minecraft:cactus":32,"minecraft:sand":116,"minecraft:furnace":3,"minecraft:piston":1,"minecraft:cobblestone_stairs":12,"minecraft:sugar_cane":8,"minecraft:stone":86,"minecraft:lever":1,"minecraft:bone_meal":135,"minecraft:oak_trapdoor":26,"minecraft:hopper":3,"minecraft:glass":80,"minecraft:ladder":15,"minecraft:stone_pickaxe":65,"minecraft:chest":27,"minecraft:water_bucket":1,"minecraft:stone_hoe":4,"minecraft:stone_bricks":72,"minecraft:oak_fence":309,"minecraft:oak_slab":1536,"minecraft:emerald":258,"minecraft:crafting_table":9,"minecraft:wooden_pickaxe":1,"minecraft:bowl":4,"minecraft:villager_spawn_egg":3,"minecraft:dirt":336,"minecraft:bucket":1,"minecraft:lava_bucket":2,"minecraft:stone_axe":16,"minecraft:bread":115,"minecraft:air":0,"minecraft:beetroot_seeds":1,"minecraft:oak_fence_gate":21,"minecraft:oak_boat":3,"minecraft:bamboo":16,"minecraft:white_wool":27,"minecraft:wooden_hoe":1,"minecraft:charcoal":89,"minecraft:emerald_block":1,"minecraft:stick":811,"minecraft:stone_slab":12,"minecraft:iron_ingot":33,"minecraft:oak_stairs":108,"minecraft:wooden_axe":2,"minecraft:stone_sword":25,"minecraft:iron_ore":33,"minecraft:stonecutter":1,"minecraft:white_bed":9,"minecraft:composter":12,"minecraft:torch":192,"minecraft:beetroot_soup":9},"minecraft:killed":{"minecraft:spider":2,"minecraft:phantom":6,"minecraft:creeper":1,"minecraft:stray":3,"minecraft:villager":12},"minecraft:dropped":{"minecraft:stone_hoe":1,"minecraft:bread":18,"minecraft:oak_slab":34,"minecraft:wheat_seeds":7,"minecraft:oak_log":76,"minecraft:cobblestone":2,"minecraft:cobblestone_stairs":1,"minecraft:stick":52,"minecraft:emerald":4,"minecraft:dirt":36,"minecraft:torch":4,"minecraft:wooden_axe":3,"minecraft:dried_kelp":1,"minecraft:bone_meal":9,"minecraft:cactus":1,"minecraft:string":1,"minecraft:sugar_cane":1,"minecraft:stone_sword":1,"minecraft:cobblestone_wall":6,"minecraft:beetroot":461,"minecraft:stone_slab":6,"minecraft:cobblestone_slab":109,"minecraft:beetroot_seeds":4,"minecraft:oak_sapling":46,"minecraft:stone_bricks":2,"minecraft:wooden_pickaxe":1,"minecraft:stone_pickaxe":1},"minecraft:broken":{"minecraft:stone_sword":21,"minecraft:stone_hoe":1,"minecraft:stone_pickaxe":44,"minecraft:stone_axe":8,"minecraft:wooden_axe":2},"minecraft:picked_up":{"minecraft:wooden_axe":1,"minecraft:crafting_table":2,"minecraft:wheat":741,"minecraft:leather_leggings":1,"minecraft:oak_stairs":90,"minecraft:string":5,"minecraft:oak_trapdoor":9,"minecraft:oak_sign":13,"minecraft:beetroot":455,"minecraft:bucket":1,"minecraft:oak_boat":9,"minecraft:cobblestone_slab":556,"minecraft:poppy":15,"minecraft:sugar_cane":2822,"minecraft:chest":5,"minecraft:piston":1,"minecraft:phantom_membrane":2,"minecraft:furnace":1,"minecraft:stick":190,"minecraft:orange_dye":1,"minecraft:oak_fence":41,"minecraft:torch":62,"minecraft:stone_sword":1,"minecraft:arrow":2,"minecraft:cactus":4,"minecraft:beetroot_seeds":1269,"minecraft:cobblestone":3733,"minecraft:stripped_oak_log":1,"minecraft:leather_chestplate":1,"minecraft:oak_log":946,"minecraft:cobblestone_wall":38,"minecraft:dirt":211,"minecraft:bone":2,"minecraft:apple":27,"minecraft:stone_bricks":77,"minecraft:wheat_seeds":2087,"minecraft:stone_pickaxe":2,"minecraft:grindstone":1,"minecraft:oak_fence_gate":6,"minecraft:bamboo":10291,"minecraft:oak_planks":81,"minecraft:scaffolding":10,"minecraft:oak_slab":314,"minecraft:dandelion":11,"minecraft:lava_bucket":1,"minecraft:sand":1,"minecraft:spider_eye":1,"minecraft:leather_helmet":1,"minecraft:stone_axe":1,"minecraft:lever":2,"minecraft:bone_meal":28,"minecraft:bread":15,"minecraft:emerald":18,"minecraft:oak_sapling":316}},"DataVersion":2230}